Lat,Long_,Predicted_Deaths,Predicted_CFR,Predicted_Cases
41.1533,20.1683,2.98324,0.16969869,1757.9629
-71.9499,23.347,4.9476385,0.07889772,6270.9526
-35.4735,149.0124,75.428986,0.090014346,83796.625
-34.9285,138.6007,75.428986,0.090014346,83796.625
47.5162,14.5501,48.527233,0.2677282,18125.559
23.685,90.3563,20.059446,0.13944013,14385.705
50.8503,4.3517,0.061073944,0.0078007723,782.92175
50.4496,5.8492,4.8112526,0.14332642,3356.8499
9.3077,2.3158,155.0473,0.7170507,21622.922
-22.3285,24.6849,4.9476385,0.07889772,6270.9526
-3.4168,-65.8561,7.511486,0.99813884,752.54926
-19.1834,-40.3089,-0.836227,0.022943025,-3644.7983
-20.7722,-54.7852,-0.836227,0.022943025,-3644.7983
-25.2521,-52.0215,-0.836227,0.022943025,-3644.7983
-30.0346,-51.2177,-0.836227,0.022943025,-3644.7983
-27.2423,-50.2189,-0.836227,0.022943025,-3644.7983
4.5353,114.7277,155.60765,0.71363115,21805.053
-3.3731,29.9189,47.598022,0.24704711,19266.78
53.9333,-116.5765,40.73642,1.8316593,2224.0173
53.7609,-98.8139,18.206821,0.9525169,1911.4435
44.682,-63.7443,94.43413,0.25003666,37768.113
52.9399,-73.5491,54.756454,0.7568321,7234.9536
6.6111,20.9394,122.53564,0.8170845,14996.691
-18.594,-69.4785,36.842976,1.1300602,3260.2666
-29.959,-71.3389,29.86398,0.97677624,3057.4023
-35.5183,-71.6885,29.86398,0.97677624,3057.4023
-19.9232,-69.5132,36.842976,1.1300602,3260.2666
40.1824,116.4142,17.375797,0.1304537,13319.513
23.3417,113.4244,24.364939,0.19578928,12444.471
37.8957,114.9042,4.9780717,0.20724383,2402.0361
30.9756,112.2707,13.01745,0.071842544,18119.418
27.614,115.7221,1.4986424,0.058488548,2562.2834
37.2692,106.1655,4.5095797,0.07838682,5752.982
31.202,121.4491,2.568314,0.2662939,964.466
31.6927,88.0924,4.384536,0.03859699,11359.787
29.1832,120.0934,1.9187404,0.051253073,3743.6592
10.6966,-74.8741,117.39124,1.2262123,9573.484
4.711,-74.0721,117.39124,1.717236,6836.057
9.3373,-73.6536,117.39124,1.717236,6836.057
2.5854,-68.5247,35.978027,1.3295057,2706.1206
10.4113,-74.4057,117.39124,1.717236,6836.057
0.436,-75.5277,110.08024,1.2503861,8803.699
6.6437,-73.6536,117.39124,1.717236,6836.057
3.8009,-76.6413,125.33986,0.9113411,13753.343
-0.228,15.8277,127.04997,1.077425,11792.001
45.1,15.2,86.27203,0.27392134,31495.186
61.8926,-6.9118,27.761671,0.082539044,33634.594
11.8251,42.5903,144.32004,1.0812763,13347.193
26.820553,30.802498,24.108099,0.17440161,13823.324
58.5953,25.0136,96.781456,0.818826,11819.539
61.92411,25.748151,101.5293,0.8370903,12128.834
14.6415,-61.0242,142.11545,1.5486898,9176.495
17.9,-62.8333,22.934324,0.47038135,4875.687
46.2276,2.2137,99.77462,0.09821138,101591.71
48.6616,9.3501,6.4442234,0.14332642,4496.187
53.0793,8.8017,15.115171,0.37405407,4040.9055
52.6367,9.8451,15.115171,0.37405407,4040.9055
51.1045,13.2017,15.115171,0.37405407,4040.9055
15.7835,-90.2308,106.12752,1.232132,8613.324
18.9712,-72.2852,41.345596,0.527169,7842.949
64.9631,-19.0208,21.751814,0.21785991,9984.3125
26.357149,92.830441,20.059446,0.13944013,14385.705
20.194742,73.080901,11.914577,0.112998575,10544.006
29.20004,76.332824,14.801812,0.09575494,15458.015
14.70518,76.166436,93.01758,0.8575329,10847.114
23.541513,78.289633,20.059446,0.13944013,14385.705
23.309381,92.83822,20.059446,0.13944013,14385.705
30.841465,75.40879,13.920206,0.12565042,11078.52
18.1124,79.0193,57.740643,0.42343926,13636.109
30.156447,79.197608,15.436304,0.058250334,26499.941
33.223191,43.679291,83.014465,0.60365254,13752.027
40.63947052,15.80514834,37.91218,0.48439535,7826.702
45.6494354,13.76813649,58.04008,0.21895413,26507.873
43.61675973,13.5188753,60.250374,0.34421226,17503.844
45.0732745,7.680687483,86.27203,0.27392134,31495.186
43.76923077,11.25588885,65.44875,0.3712227,17630.59
18.1096,-77.2975,100.96727,0.7719112,13080.166
35.510141,140.198917,15.66296,0.0037694974,415518.5
37.378867,140.223295,52.148773,599.6135,8.697064
43.385711,142.552318,35.100105,0.0052552326,667907.75
39.593287,141.361777,33.275223,599.6614,5.549002
33.422519,133.367307,153.07506,0.14298849,107054.11
38.446859,140.927086,77.447586,599.6148,12.916223
34.317451,135.871644,184.02737,0.14880477,123670.35
25.768923,126.668016,88.90959,0.16025765,55479.152
35.997101,139.347635,51.28507,599.6379,8.552673
36.689912,139.819213,38.208385,599.6336,6.3719554
36.637464,137.269346,38.208385,599.6258,6.3720384
34.20119,131.573293,173.26146,0.12995863,133320.47
-0.0236,37.9062,47.598022,0.24704711,19266.78
42.602636,20.902977,61.84367,0.29823434,20736.602
56.8796,24.6032,47.791412,0.5213602,9166.679
26.3351,17.228331,25.900255,0.32180646,8048.395
6.1184,100.3685,181.32578,0.8738489,20750.244
3.8126,103.3256,35.274673,0.16456363,21435.28
5.9788,116.0753,14.030907,0.7018668,1999.084
3.2028,73.2207,35.341125,0.18781516,18816.973
21.0079,-10.9408,83.340065,0.25892103,32187.447
26.0444,-111.6661,94.42733,1.1579223,8154.8936
19.4326,-99.1332,69.780624,1.2863544,5424.681
21.019,-101.2574,23.892315,1.2666392,1886.2762
19.4969,-99.7233,66.08844,1.2834684,5149.2065
25.5922,-99.9962,64.41576,1.065299,6046.73
19.1817,-88.4791,90.231865,1.4841243,6079.805
17.8409,-92.6189,104.30176,1.2952676,8052.526
19.1738,-96.1342,134.5502,1.5001823,8968.924
47.4116,28.3699,48.68062,0.3977477,12239.069
31.7917,-7.0926,94.13489,0.50127494,18779.094
28.1667,84.25,18.26729,0.10299041,17736.885
52.862485,6.618435,15.115171,0.37405407,4040.9055
53.217922,6.741514,15.115171,0.37405407,4040.9055
52.444558,6.441722,15.115171,0.37405407,4040.9055
51.47936,3.861559,0.06606378,0.0078007723,846.88763
-40.9006,174.886,75.428986,0.090014346,83796.625
41.6086,21.7453,39.93416,0.28267527,14127.221
28.328492,65.898403,24.108099,0.13411254,17976.021
30.811346,72.139132,13.920206,0.12565042,11078.52
-6.314993,143.95555,77.371574,0.31112784,24868.098
-14.027713,-72.975378,80.67408,1.5133767,5330.7334
-11.954609,-77.136042,107.88889,0.72436637,14894.244
-14.235097,-75.574821,101.31643,1.0884495,9308.326
-11.766533,-76.604498,112.536285,0.8077637,13931.832
-10.39655,-75.307635,97.276665,1.1468092,8482.376
-17.644161,-70.27756,36.842976,1.1300602,3260.2666
12.879721,121.774017,20.988052,0.83718884,2506.9675
45.9432,24.9668,63.124626,0.4057988,15555.646
52.8032368,128.437295,21.692423,0.64848137,3345.1113
50.7080119,37.5837615,38.032654,0.30107337,12632.354
54.4223954,61.1865846,47.791412,0.5213602,9166.679
43.11542075,45.01713552,73.14393,0.34320536,21312.0
43.4806048,43.5978976,66.32596,0.32754302,20249.541
57.1914882,160.0383819,44.495785,0.6667723,6673.3105
51.6312684,136.121524,21.692423,0.64848137,3345.1113
63.9881421,54.3326073,101.5293,0.8370903,12128.834
55.7655302,64.5632681,47.791412,0.5213602,9166.679
62.48858785,153.9903764,44.672436,0.6667723,6699.8037
55.5043158,38.0353929,47.791412,0.5213602,9166.679
42.7933611,44.6324493,61.273937,0.33958408,18043.82
52.9685433,36.0692477,47.791412,0.5213602,9166.679
45.0819456,134.726645,24.587889,0.23059152,10662.964
59.9606739,30.1586551,101.5293,0.8370903,12128.834
51.6520555,46.8631952,47.791412,0.5213602,9166.679
52.9019574,41.3578918,47.791412,0.5213602,9166.679
57.1134475,35.1744428,47.791412,0.5213602,9166.679
54.1463177,47.2324921,47.791412,0.5213602,9166.679
50.9800393,40.1506507,47.791412,0.5213602,9166.679
-1.9403,29.8739,47.598022,0.24704711,19266.78
-13.759,-172.1046,28.034004,0.18234833,15373.875
14.4974,-14.4524,142.11545,1.5486898,9176.495
1.2833,103.8333,35.274673,0.16456363,21435.28
5.152149,46.199616,137.66331,0.7687175,17908.18
41.5976,-0.9057,139.11043,0.36653516,37952.82
28.2916,-16.6291,86.90641,0.24726632,35146.883
41.5912,1.5209,139.11043,0.36653516,37952.82
42.2871,-2.5396,146.7919,0.36107805,40653.79
42.6954,-1.6761,116.95837,0.19582927,59724.66
12.8628,30.2176,144.32004,1.0812763,13347.193
61.0917,14.6664,90.94218,0.6838274,13298.995
63.1712,14.9592,90.94218,0.6838274,13298.995
66.8309,20.3992,90.63213,0.9920394,9135.94
59.0336,16.7519,86.194336,0.67152023,12835.702
65.3337,16.5162,90.63213,0.9920394,9135.94
46.8182,8.2275,79.747894,0.29254887,27259.684
-6.369028,34.888822,170.32181,0.83727217,20342.467
-21.179,-175.1982,13.673783,0.17108175,7992.543
-7.1095,177.6493,77.371574,0.31112784,24868.098
32.99642064,-87.1251146,108.522575,1.6284767,6664.054
33.77483727,-85.82630386,134.81131,1.7197046,7839.213
32.02227341,-88.2656443,45.831917,1.6106088,2845.627
31.39932826,-85.98901039,105.02452,1.8675148,5623.7583
31.2477854,-86.45050893,109.049706,2.1306198,5118.2153
32.32688101,-87.1086671,105.04196,1.6064616,6538.716
34.04567266,-86.04051873,126.133385,1.5312877,8237.08
32.85504247,-87.95684022,74.30677,1.963639,3784.1357
34.78144169,-85.99750489,144.83664,1.6501303,8777.285
34.52041498,-87.31069453,154.95659,1.6971084,9130.624
32.38759944,-85.69267724,84.22156,1.7978854,4684.4785
34.36975964,-86.30486727,152.8235,1.5296438,9990.79
34.45500589,-86.85475946,155.25716,1.4968216,10372.455
31.80396383,-85.9408295,134.6234,1.6996492,7920.658
33.71902176,-86.31029372,111.69807,1.73806,6426.594
33.28726072,-87.52556818,86.70565,1.7542081,4942.723
31.98773215,-87.30891118,59.937866,1.5278727,3922.9622
61.14998174,-149.1426986,35.82517,0.50261366,7127.775
61.16666,-149.9,35.82517,0.50261366,7127.775
64.80726247,-146.5692662,59.42214,0.4802607,12372.893
55.57445008,-130.975561,12.195025,0.38377088,3177.6838
64.90320724,-164.0353804,9.750197,0.20394374,4780.827
55.76261984,-133.0511621,12.195025,0.38377088,3177.6838
65.50815459,-151.3907387,59.42214,0.4802607,12372.893
35.83883429,-111.7707178,149.28687,0.8533335,17494.553
33.72854224,-113.9810029,151.3374,2.5491595,5936.757
33.19153461,-91.7698471,78.83924,1.5954857,4941.394
33.46755808,-92.15980837,59.927494,1.5592993,3843.2322
34.04613432,-93.17484713,91.40866,1.513985,6037.6196
33.21230701,-93.22642793,98.486694,1.6510829,5964.9756
35.21247318,-90.30839406,95.722244,1.5564733,6149.945
33.59035001,-91.71777921,80.74822,1.572238,5135.878
34.57692074,-93.14921604,63.232494,1.8862131,3352.3518
34.31709259,-92.95396325,119.08586,1.4895692,7994.6514
35.59802983,-91.21494602,72.397064,1.4791802,4894.4043
36.04188196,-91.10867198,92.74803,1.49219,6215.5645
35.21413234,-93.71951016,74.88168,1.5523372,4823.8027
33.31403423,-93.89285258,54.221596,2.3860238,2272.4666
33.66340119,-93.30632432,66.22546,1.6315233,4059.118
34.43268455,-90.84800154,102.4513,1.7022069,6018.7344
35.44871474,-93.03212219,83.56771,1.654634,5050.5254
34.64916145,-92.67583224,53.16483,1.6515771,3219.0342
33.99780401,-94.2424869,94.65936,1.8868119,5016.8945
35.25688493,-91.74908296,87.61937,1.6188564,5412.424
38.59678594,-119.8223594,15.821404,0.31113547,5085.053
39.17881957,-122.2331726,43.21097,0.49910167,8657.749
36.75733899,-119.6466953,64.2774,1.3328263,4822.6387
36.51112084,-117.4111978,63.4701,1.1530291,5504.6396
40.67311306,-120.5935099,61.86847,0.64736646,9556.947
37.57978556,-119.9073334,45.840054,1.0003858,4582.238
37.93899289,-118.8872409,9.979013,0.4723145,2112.7898
33.70147516,-117.7645998,130.59418,2.2746522,5741.2812
33.74314981,-115.9933578,135.29143,2.3010414,5879.5737
33.03484597,-116.7365326,155.4227,1.4859734,10459.319
37.4228808,-122.3275546,86.30833,0.613969,14057.44
40.76391419,-122.0396884,92.34716,1.0021216,9215.166
38.52746429,-122.8862506,151.63579,0.5134323,29533.744
40.6491767,-123.114713,47.166573,1.0920135,4319.23
34.44465746,-119.0910613,99.565544,0.89659584,11104.842
37.57250606,-105.7885451,54.589275,1.344453,4060.3335
37.95474293,-103.0720195,42.24429,1.7404265,2427.2378
38.82777431,-102.6032558,26.270761,2.702035,972.25836
38.32608609,-103.7844965,53.131073,1.3566109,3916.4563
37.75208676,-108.5211585,13.299196,1.5938991,834.3813
39.28656773,-104.1358721,48.34999,1.0430169,4635.5903
40.10603347,-106.1178042,26.53837,0.6158628,4309.1367
40.6659387,-106.3408905,26.79999,0.3528034,7596.2954
37.28632032,-107.8429014,87.63815,0.70083433,12504.831
38.98749519,-103.5136649,21.002821,0.94878876,2213.6455
40.61810999,-108.2070876,54.66151,1.2762796,4282.879
37.9014485,-103.7173385,101.97705,2.0922217,4874.1035
40.59414277,-102.3577703,18.62765,1.7168975,1084.96
39.97913541,-108.2179009,44.33953,0.7458293,5944.997
37.76248981,-107.6763289,10.109105,0.3580411,2823.4482
38.88133511,-105.1614893,58.876633,1.2031345,4893.6035
40.00346839,-102.4258673,23.403608,1.5559019,1504.1829
41.45949668,-72.53714864,109.97299,0.58581954,18772.504
38.66143781,-75.39031349,112.12961,1.0549175,10629.23
29.67866525,-82.35928158,130.4649,1.9357598,6739.726
28.29409504,-80.73091022,126.82194,1.3538176,9367.727
28.84804315,-82.47614748,163.84552,1.7495527,9364.994
27.18677893,-81.80941373,150.59581,1.500346,10037.405
29.45933576,-81.31508595,116.043175,1.2886513,9005.01
26.95635849,-81.18996211,111.81286,1.3616861,8211.354
26.55386945,-81.16469006,111.81286,1.3616861,8211.354
30.86747479,-85.81319222,107.36758,1.7172089,6252.4473
29.98484137,-83.18166636,83.72425,1.9402306,4315.17
29.31829741,-82.74007147,161.93008,1.6549786,9784.421
29.21227113,-82.05803627,152.34789,1.7314098,8799.065
30.61037141,-81.80297522,122.20732,1.1627979,10509.764
28.06312234,-81.14882926,111.81286,1.2721506,8789.278
27.95027105,-81.69732947,149.52158,1.2723279,11751.812
28.7158582,-81.24060348,123.13755,1.2145998,10138.116
30.19746066,-82.9909967,80.90638,1.3948122,5800.5215
29.05858895,-81.18263252,115.97812,1.1964569,9693.464
31.74847232,-82.28909114,123.63323,2.3072424,5358.485
33.06882326,-83.24701748,120.63217,3.009319,4008.62
31.76095874,-83.22145359,113.362465,2.3106053,4906.18
31.19576557,-81.97743999,111.66921,2.2920177,4872.0923
33.05917989,-81.99928721,118.644775,2.5235484,4701.506
32.40209349,-82.07702563,112.35499,3.5591292,3156.811
32.00043026,-81.12489526,101.7628,1.3063473,7789.8735
33.95436462,-83.37124007,96.56557,1.8297838,5277.43
33.94243204,-84.5761255,113.106285,1.9223342,5883.7993
31.16068491,-83.42947229,80.06609,1.5816443,5062.206
34.8549167,-85.50490424,85.72754,1.4833287,5779.4023
32.17265114,-83.16948926,124.517,2.8014908,4444.6694
31.32155345,-84.90255207,51.74282,1.9198104,2695.2046
32.59221302,-82.30239915,138.10126,2.99091,4617.3657
34.26268279,-85.21577392,123.5311,1.5915393,7761.738
34.69316688,-84.45802506,171.41393,2.2249248,7704.257
30.87454847,-84.23418364,111.88763,1.6559834,6756.567
34.32207823,-83.81896936,132.33722,1.874408,7060.2144
34.34626973,-82.96567682,113.19016,1.9398918,5834.8696
31.60213036,-83.27501387,63.52586,2.3563998,2695.8862
33.05867328,-82.41609057,104.17743,2.8063483,3712.2058
33.07841647,-84.14263877,128.18646,2.216412,5783.512
31.82588896,-81.49251135,131.11707,1.1081374,11832.204
34.57286511,-84.00425681,145.06906,2.0342607,7131.2915
33.47851918,-82.48252774,73.07898,1.8910034,3864.561
31.22483255,-84.19381821,117.491806,2.0096078,5846.504
34.78897608,-84.74993177,140.93137,1.9975833,7055.0933
33.8786296,-83.08278123,84.43138,1.6205127,5210.165
34.46589159,-84.46406611,159.8535,1.9097005,8370.605
32.23334561,-83.4754996,88.35707,3.0555851,2891.658
31.76622818,-84.75732369,47.11417,2.2502937,2093.69
32.74976524,-81.60779441,78.22349,2.3975573,3262.6326
32.07996777,-84.83208037,35.20673,1.3947428,2524.2454
32.04785085,-82.05539188,126.74388,2.5868099,4899.621
30.86392347,-83.91847289,109.446724,1.8138956,6033.794
32.40422134,-82.56904553,68.62851,3.2880962,2087.1807
33.78017694,-83.73552314,99.10246,1.9162493,5171.6895
31.5521809,-81.91894878,75.580185,1.4613049,5172.1025
34.80987459,-84.96093476,165.7997,1.9348317,8569.205
31.55162306,-83.85090513,119.69775,2.2279284,5372.6025
21.45803166,-157.9712182,156.72847,0.35347733,44339.043
42.28269683,-111.3289238,30.16614,1.5003273,2010.6372
43.98829931,-115.7309284,27.133228,1.178373,2302.6008
43.72592209,-113.1735463,27.043562,1.7435287,1551.082
42.28347888,-113.6012409,47.251694,1.1288989,4185.6445
43.3507101,-115.4701578,70.74068,0.94545674,7482.17
42.96927962,-114.8108306,57.710033,1.4515196,3975.8357
47.67282258,-116.7020872,112.97539,1.6355543,6907.4683
43.0012336,-114.1358773,31.217716,1.2929231,2414.5068
42.1949428,-112.5407838,34.14029,1.2607243,2707.9902
47.35364087,-115.8916749,66.77987,2.4356298,2741.7905
44.76728382,-115.5676773,37.00613,0.67992526,5442.6763
38.88829622,-89.43534887,66.4685,0.71562445,9288.182
39.16840183,-90.66330078,42.75983,0.83682096,5109.794
39.54581621,-89.27780482,112.75742,0.89212555,12639.1875
39.51949084,-88.22358557,141.70375,1.0013399,14151.414
40.17514519,-88.90959682,53.163933,0.80259174,6624.032
39.6809186,-87.74759563,59.114384,0.961072,6150.88
40.59706922,-88.22350769,76.279144,1.1803721,6462.2964
39.35907414,-90.388865,59.430107,0.9824423,6049.221
37.51810645,-88.26873022,34.346767,1.2349104,2781.3167
37.78595185,-89.38232563,129.47075,0.8883731,14573.917
42.36542373,-90.21094405,57.14346,0.8830148,6471.405
41.59081014,-88.42869583,158.22,0.47739452,33142.402
38.71987914,-87.72884035,72.271484,0.983093,7351.439
39.86064913,-88.96342505,51.829704,0.78073215,6638.6025
41.0327901,-89.34510444,37.649673,1.0617234,3546.0906
42.32451172,-88.45248227,147.19633,0.8796991,16732.578
38.27594376,-90.17761038,114.48414,1.1501948,9953.457
42.04165196,-89.32184679,128.41318,0.8165187,15726.911
40.01360584,-88.59319339,52.362656,0.7301156,7171.831
41.2013541,-89.2869272,30.36824,0.8870742,3423.4163
37.75332999,-88.54119706,64.86244,1.041512,6227.719
39.39133527,-88.80611122,84.0003,1.0202936,8232.953
40.50716185,-89.51404662,90.60503,1.0660434,8499.1875
38.44272901,-87.84922065,63.739292,0.9005061,7078.1636
38.08706198,-88.17657461,51.65252,1.077602,4793.283
42.33641854,-89.16085327,119.29492,0.9528115,12520.308
39.20744865,-85.89558181,136.10004,1.578379,8622.772
39.19605589,-86.22868909,81.04924,1.7757562,4564.2095
39.39561833,-87.11723506,117.41245,1.2697289,9247.049
41.39804622,-84.99906934,144.00946,1.2278992,11728.118
38.36597551,-86.8792417,139.6977,1.2148405,11499.262
40.12361933,-87.24217689,88.828964,1.520549,5841.901
40.51587228,-85.65468702,105.677826,1.5434667,6846.7837
38.19467379,-86.10948271,123.98991,1.1829244,10481.643
40.82907273,-85.48822092,154.56783,1.376798,11226.616
38.78576239,-85.43633383,128.96878,1.3807795,9340.288
41.24521668,-85.86312322,158.9699,1.2937709,12287.33
38.84112637,-86.48361629,88.35772,1.6105897,5486.0474
38.7099921,-86.80373186,65.68596,1.3778031,4767.442
39.47899078,-86.44573375,111.85261,1.3555279,8251.59
38.5411892,-86.49523093,87.32737,1.5258926,5723.035
38.40112197,-87.23574907,84.50122,1.213909,6961.0835
39.66437981,-86.84517605,133.96432,1.401248,9560.357
38.68672078,-85.74627859,118.07045,1.3272694,8895.741
41.27890281,-86.64686895,121.15014,1.9336094,6265.492
40.38872739,-86.89413959,124.75108,1.496045,8338.726
38.02658833,-87.58763124,98.67856,0.92407405,10678.642
40.34728141,-87.35602659,47.419037,1.3627956,3479.5415
40.72934187,-85.22132966,146.1591,1.7320231,8438.635
41.02903567,-94.69932645,23.734066,1.5675331,1514.103
42.08011739,-92.06463573,72.70809,1.2788583,5685.391
42.4709188,-91.83510825,68.63172,1.3473077,5093.99
42.03617207,-94.86032705,60.068317,1.4127027,4252.014
42.73538914,-95.62389402,62.90345,1.9281192,3262.4255
42.84443388,-91.34133693,77.902626,1.6381917,4755.4033
40.74773536,-92.41005468,39.537025,1.9226241,2056.4094
43.37787725,-95.1510206,66.6608,1.4613234,4561.6733
43.0600053,-92.78940097,68.749565,1.5648987,4393.228
42.40183723,-92.78829551,73.27303,1.5741043,4654.9033
42.38353877,-93.23654611,78.027916,1.4289409,5460.542
42.7764426,-94.20722537,62.360657,1.5279026,4081.455
41.68576082,-93.05567785,113.92234,1.240227,9185.604
41.33649833,-92.1785067,71.42496,1.8373563,3887.3762
41.21842119,-91.26102611,65.122406,1.9029462,3422.1885
41.33521503,-92.64083907,94.370735,1.7847073,5287.743
43.35638371,-92.78887719,54.162296,1.56893,3452.1804
41.48370744,-91.1121697,123.42813,1.2996676,9496.899
43.08193849,-94.67824621,42.63944,1.5326375,2782.0955
41.33640314,-95.53907776,64.9436,2.4418132,2659.6467
41.63935978,-90.61959493,127.67715,0.6756365,18897.314
42.07991767,-92.53266945,89.1335,1.7661799,5046.683
40.75326764,-91.95017958,29.252443,1.7083057,1712.366
40.73969028,-93.32752197,39.884293,2.1081603,1891.9004
42.38979414,-96.0459439,58.0244,1.974627,2938.4993
38.21413251,-95.29272815,56.430305,1.3164071,4286.6914
37.85508555,-94.84865997,75.395226,1.0323882,7302.9917
37.14994405,-96.2454192,43.460007,1.7505635,2482.6296
39.34948772,-97.16518128,45.225048,1.502313,3010.3613
37.23781842,-96.83776647,145.86223,1.242092,11743.271
39.79067154,-95.14056866,44.21974,1.429656,3093.0337
38.91458712,-99.31751551,36.80393,1.4393604,2556.964
38.56443815,-95.28644341,98.903564,1.3003395,7605.98
37.56227336,-101.3079758,32.721554,1.4202902,2303.864
37.99978709,-101.7921066,22.926863,1.3370713,1714.7075
38.08780079,-99.89829881,16.168207,2.2184818,728.7961
38.88548175,-94.82250877,132.14865,0.84560496,15627.705
37.19113093,-95.29849679,84.84968,1.3723582,6182.7646
38.21267844,-94.84254089,59.18909,1.1849958,4994.878
39.78359669,-96.52278974,48.719933,1.4818336,3287.814
39.39331582,-98.20906732,29.164104,1.514678,1925.4326
39.78345387,-96.01392079,45.76177,1.6136484,2835.9194
38.65235984,-95.72707998,75.93731,1.4323885,5301.4463
38.18108732,-99.23692334,20.645704,1.5432866,1337.7751
39.78525843,-101.0761617,15.527281,1.4052211,1104.9706
39.28935726,-96.73420026,87.91232,0.95017606,9252.214
38.78369175,-97.65185177,41.165226,1.5397817,2673.4456
39.04100763,-95.7557264,93.47847,1.343419,6958.2515
38.03100851,-98.71762001,35.539276,2.0700629,1716.8212
39.35107575,-101.0553705,22.521227,1.36382,1651.3344
38.91686134,-101.7638876,13.390645,1.577547,848.827
37.8865336,-95.74006277,49.07417,1.5747714,3116.2725
38.00671029,-84.99171713,83.28507,1.0134118,8218.285
36.73355174,-83.67766671,133.13448,1.4308623,9304.492
37.62680923,-84.8633779,131.19077,1.3708385,9570.11
37.97162523,-85.68955617,96.11201,1.158413,8296.869
38.94384345,-84.37875208,117.63441,1.1893857,9890.351
37.32533118,-84.92726209,94.50186,1.4590446,6476.9688
36.72581156,-85.13377529,70.33601,1.6564536,4246.1807
37.21218923,-86.23955613,78.74212,1.5525254,5071.873
38.36758311,-83.69657514,71.45418,1.3393066,5335.162
38.75398691,-84.8558382,74.477135,1.5680138,4749.7754
37.46231118,-86.34248968,115.80869,1.5032072,7704.1074
37.6976111,-85.96319251,116.650566,1.3482484,8652.009
37.79344553,-87.57392021,138.29903,1.0698,12927.559
37.41866422,-83.99825483,80.96509,1.3994457,5785.5117
38.93950319,-84.53241199,119.687386,1.2503921,9571.988
37.10975748,-84.11321779,100.84811,1.3081512,7709.2085
37.12306748,-82.85346474,94.31211,1.437746,6559.7197
36.85949479,-86.877635,122.28976,1.4615401,8367.185
37.55218078,-85.26898542,97.6536,1.3425909,7273.519
37.05350953,-88.70445755,82.06523,1.5390532,5332.1895
37.94090733,-83.59985712,60.02418,1.3994448,4289.1426
38.03253032,-83.9145241,116.50126,1.0730615,10856.904
38.33342292,-84.01889177,49.74619,1.2688719,3920.5054
37.42823949,-83.68811419,51.593765,1.4674679,3515.836
37.83218794,-83.82553961,77.65484,1.0348952,7503.643
38.19484205,-83.42088935,78.79425,1.0408555,7570.143
36.74058474,-86.58047435,100.53987,1.402101,7170.658
36.80767017,-87.87333656,59.06317,1.350647,4372.954
36.99903045,-86.42672751,87.18977,1.5735209,5541.0625
36.75700531,-84.14541217,130.75458,1.2360773,10578.1875
30.65385745,-92.82442028,152.59558,1.5815301,9648.6045
30.64836518,-93.34173616,134.72542,1.4682025,9176.215
30.22931235,-93.35400434,154.18065,1.4470211,10655.038
32.82308512,-92.99526883,114.14879,1.8133878,6294.7812
32.73926954,-91.23425694,46.291336,1.507254,3071.2366
31.59882456,-92.56124347,100.794495,1.4660145,6875.409
29.74075478,-90.11115756,108.10872,1.0133075,10668.8955
29.52470226,-90.40976986,165.93846,0.98715514,16809.764
32.81686191,-91.80421614,126.58561,1.6421775,7708.4004
32.09530039,-93.34213308,91.38683,1.8831693,4852.821
29.90709658,-90.35555967,140.2624,0.98715514,14208.749
30.59724262,-92.00135806,131.46317,1.2958878,10144.641
30.62888673,-90.40664996,169.81625,1.2570816,13508.77
32.83121059,-92.3749373,124.228935,1.6365622,7590.8467
32.70847669,-93.33121835,162.33276,1.7003611,9546.958
31.94449367,-92.63789413,85.88882,1.5016457,5719.646
44.97330019,-70.44381045,74.94779,1.0033039,7470.099
44.05996956,-69.54227124,45.34637,0.55604637,8155.142
45.83839062,-69.2860223,63.688084,1.1573817,5502.773
44.4858305,-69.12061935,85.06754,0.9661811,8804.513
39.00670238,-76.60329337,111.296486,1.4450647,7701.834
38.87172293,-75.82904158,99.28828,1.2906827,7692.6943
38.45413522,-76.02752426,118.286766,1.2899166,9170.109
39.25305293,-76.93126208,91.652695,1.2437602,7369.0
39.06198912,-76.03530977,108.6047,1.4746675,7364.6904
41.72980578,-70.28854339,88.431465,0.9760182,9060.432
42.6687626,-70.94687179,149.14984,0.6676239,22340.398
42.48607732,-71.39049229,165.50348,0.8675508,19077.094
42.59147037,-85.89102866,156.2394,1.4571493,10722.265
46.6720582,-88.36363591,68.33393,2.2781448,2999.543
41.95447397,-86.4131308,129.88466,1.2782954,10160.7705
45.37790017,-85.19614053,75.34699,1.3482262,5588.602
42.94400871,-84.60145248,169.87437,1.3723779,12378.105
42.59599185,-84.83740035,145.0233,1.5334355,9457.411
43.98901072,-84.38774817,134.1464,1.9391094,6917.938
41.88753639,-84.59312019,152.10153,1.5103238,10070.79
42.94502238,-85.07413319,144.34433,1.3316797,10839.268
42.24807035,-84.42258681,157.70581,1.5763155,10004.71
47.63197653,-88.41434263,17.89664,2.1697714,824.81683
41.89475156,-84.06603727,135.40247,1.8831459,7190.2266
42.69158356,-82.92752801,148.36447,1.3703309,10826.908
43.64064262,-85.32463223,122.95528,1.3797204,8911.607
44.33772443,-85.09256478,92.996475,1.7525856,5306.244
43.29123859,-86.15176712,144.9623,1.5386862,9421.174
44.33481032,-84.12725175,118.09438,2.542208,4645.347
45.02085831,-84.59898295,97.385216,1.6045074,6069.477
44.33473082,-84.61067651,123.146286,1.8362045,6706.567
42.953928,-84.14585902,181.26338,1.4749055,12289.83
44.33853602,-85.57712739,108.6161,1.6241355,6687.6255
47.97373527,-94.93732139,121.097565,1.0220429,11848.579
44.24205652,-94.72562874,71.726494,0.98359144,7292.305
45.02343421,-95.56403693,57.260334,1.2837129,4460.525
47.90504893,-90.52629546,7.380592,0.7916582,932.2953
44.02238415,-92.86244324,48.070034,0.6560971,7326.6646
43.67385583,-93.34884422,70.62532,0.8688006,8129.06
43.67129565,-91.49143057,47.04448,0.57622856,8164.2046
43.67423373,-95.15398258,44.522648,0.980358,4541.4683
48.24539665,-93.78352843,46.835056,1.1229758,4170.62
44.37136597,-93.72844721,75.79925,0.81033814,9354.026
48.35825983,-96.37017407,25.440649,0.9741989,2611.443
45.93705297,-93.63236823,127.562454,1.4243007,8956.146
44.35291112,-94.24710352,74.93771,0.89637846,8360.054
46.40846929,-95.70835255,133.74768,1.1500714,11629.512
47.77372465,-96.40134647,98.02433,1.1529115,8502.329
44.40555844,-95.25207021,62.162365,0.97384006,6383.221
48.77501878,-95.81079919,45.101017,0.9630032,4683.3716
47.6048407,-92.46879855,65.27749,1.1677704,5589.925
45.2829032,-95.68264092,55.015812,1.2661883,4344.9946
44.28424356,-92.23121312,32.038307,0.52574307,6093.9097
43.97823903,-94.61413846,39.54307,0.91781694,4308.3833
44.71710183,-95.86842453,36.04823,1.1385249,3166.2224
33.08658803,-89.57838564,118.4093,1.8499109,6400.8115
33.44834567,-89.91994479,92.914665,1.9283925,4818.244
32.04158545,-88.6889622,104.22835,1.9244465,5416.017
31.63225413,-89.55389939,113.30414,1.3735725,8248.865
30.86259065,-88.64436789,86.35791,1.2993702,6646.136
30.51359752,-89.12467576,101.84764,1.238979,8220.288
32.72531359,-90.97392828,46.172024,2.2759123,2028.726
31.73397872,-91.03764977,44.96288,2.138222,2102.8162
34.35687874,-89.48490961,180.6991,1.2978077,13923.411
32.7536828,-89.52402044,113.22501,1.6544414,6843.701
33.47386518,-88.4419153,109.10746,1.5724328,6938.768
33.89236763,-88.4808438,98.53837,1.4182457,6947.9053
33.11009499,-88.56949061,65.389145,1.7035218,3838.4683
31.17161885,-88.99281835,82.2087,1.6054541,5120.589
34.25157572,-90.28908,64.11556,1.6330096,3926.221
31.91282117,-89.91716179,128.26279,1.7591851,7291.034
33.95339918,-90.1729398,73.45672,1.6314715,4502.4824
34.64967704,-90.37481167,75.292984,1.6809454,4479.2046
32.35810271,-90.83352619,56.046917,2.0466053,2738.5308
31.16078225,-91.31018819,65.62424,2.1651933,3030.872
40.19058551,-92.60078167,50.33126,1.5011612,3352.8218
36.70978521,-93.82919888,135.33687,2.0015118,6761.732
37.32449052,-90.02725304,62.167976,1.4886998,4175.9917
39.65620858,-93.98308093,58.818718,1.9570934,3005.4119
39.42762566,-93.50626255,69.29555,1.7572122,3943.4934
39.51499357,-92.9629191,51.605396,1.8663238,2765.0825
39.6013098,-94.40465394,117.488976,1.9282093,6093.165
37.431814,-93.8503345,75.0843,2.1224515,3537.6213
37.60663134,-91.50790473,97.03989,1.9839257,4891.3066
38.43947277,-91.50847147,90.03076,2.1490643,4189.301
40.35570088,-93.99222144,34.875813,1.5126888,2305.551
39.1435761,-92.69756691,54.68244,1.4951779,3657.2534
37.20351921,-94.34050458,116.3276,2.2621677,5142.3066
40.12699751,-92.14780832,25.756294,1.389575,1853.5375
40.09673161,-91.72070156,48.93999,1.3570117,3606.4531
39.83049768,-92.56453089,60.659897,1.6875633,3594.526
36.62869595,-94.34867205,78.27726,1.7317897,4520.021
38.63571781,-92.57976951,78.78713,1.5229957,5173.1685
36.59666326,-89.66070007,93.77654,1.6149242,5806.8696
38.46036182,-91.8613635,74.276024,1.6206561,4583.0835
38.72798918,-93.28471706,145.89409,1.4502977,10059.596
37.6162296,-93.39828174,108.353294,1.7494512,6193.5596
39.44007257,-92.4971374,78.74278,1.5732495,5005.1045
39.13734288,-93.20259964,88.28292,1.5890993,5555.532
37.15772072,-91.40190382,53.283436,1.9936196,2672.6982
37.81214171,-90.47598685,96.869965,1.2050608,8038.5957
36.85571651,-89.9444155,123.337296,1.886561,6537.6787
37.31728859,-91.96564727,105.13747,1.9401767,5418.964
37.96130078,-90.87948158,130.21191,1.8579843,7008.236
37.27029221,-92.46914488,93.66242,1.9723879,4748.6816
46.33277565,-111.4955813,18.363153,1.4474604,1268.6464
47.88084126,-110.4353362,19.332586,1.1672173,1656.2971
46.05953325,-113.073353,52.438614,1.1253229,4659.8726
45.54486106,-111.1692571,93.31005,0.47156927,19787.135
46.4060522,-113.4414186,17.426556,1.5140654,1150.9778
47.64514965,-114.0898013,89.416046,1.5540508,5753.74
45.30080065,-111.9173017,36.451694,0.9533428,3823.5664
47.03728583,-113.9213508,54.75672,1.0128658,5406.118
48.25936577,-107.9128511,31.55981,2.405213,1312.142
46.86048047,-105.379384,13.578658,1.4882455,912.39374
46.23397237,-106.729288,51.14618,1.7434689,2933.5872
45.67071407,-109.3950061,35.7407,1.8191422,1964.7008
46.2097322,-107.2666516,17.617807,0.9373472,1879.5391
46.95925154,-104.2510927,8.572441,1.9207851,446.29883
41.56896142,-101.6959559,8.405666,2.814836,298.62012
42.22079243,-103.0878834,29.174139,1.3786082,2116.2024
41.85056773,-96.32605633,39.176224,1.4504501,2700.9702
40.5237198,-101.6978026,10.1519,1.3433559,755.7119
41.57486951,-97.0868542,43.48475,1.0768458,4038.1597
42.71985036,-103.1313774,26.506842,1.595418,1661.4355
41.58071748,-96.65598179,90.311226,1.2711501,7104.6865
40.17636348,-98.95299073,19.462082,1.975272,985.28613
41.61703149,-102.3313973,14.507936,1.2894071,1125.1632
41.56742671,-98.52150266,15.946971,1.3515129,1179.9348
40.52451972,-101.0603568,12.2503195,0.5735324,2135.942
41.2200529,-98.5166499,21.50263,1.7231114,1247.8955
41.19930341,-101.6620164,18.705267,1.8193579,1028.1246
40.78416049,-96.68777155,59.203426,1.311135,4515.433
41.91676024,-97.6005481,51.726845,1.0946171,4725.565
41.39750195,-97.99327291,19.919823,1.8211448,1093.8077
40.13141096,-96.23705437,22.541954,1.5602753,1444.7421
41.57246836,-97.52144359,61.19313,0.9752096,6274.8696
42.42252217,-99.44832069,7.063027,1.4349608,492.21042
41.85070896,-103.7080986,117.911736,1.4744706,7996.8857
42.48932059,-103.7576544,20.869326,1.4697971,1419.8779
42.15725356,-96.54157099,48.97527,1.4028907,3491.0254
42.20934475,-97.11926964,28.18768,1.1271886,2500.7065
39.15509045,-119.7480219,77.384636,3.762366,2056.8079
41.14531606,-115.3577619,123.9697,1.1436667,10839.67
39.9332233,-117.0397075,27.054047,1.6674608,1622.4697
38.04264256,-116.4722702,38.213978,1.49559,2555.1106
40.66562265,-119.6631594,61.86847,1.4546655,4253.1064
42.92015988,-72.25311043,134.1313,0.70192826,19108.975
43.29662971,-71.6811573,119.348656,0.7944509,15022.787
39.80343818,-74.96388753,127.43244,1.012494,12585.995
39.71581067,-75.13995546,127.94208,1.0679102,11980.604
40.43629879,-74.41426991,156.11913,1.2050464,12955.445
41.03238628,-74.29954144,118.23878,0.56938905,20765.902
33.91514144,-108.4046587,46.32174,3.84768,1203.8875
34.57421077,-103.3468876,41.66017,2.0534275,2028.8114
32.73911281,-108.3827845,106.11791,1.3649328,7774.589
32.79215361,-103.4123733,64.44813,2.6056726,2473.378
35.5800772,-108.262245,74.71443,1.3515204,5528.1763
36.51072137,-106.6931674,139.27675,1.3241371,10518.303
35.68862401,-106.8687803,108.202,1.1437274,9460.471
36.58006022,-105.6310198,104.6177,1.5453093,6770.017
34.71669834,-106.8103733,77.53034,1.7118019,4529.166
42.15903158,-75.81326086,115.23752,1.1164062,10322.186
42.13891056,-76.7638805,74.50859,0.8920964,8352.078
42.59509207,-76.07048931,117.32275,1.0027831,11699.714
44.11630765,-73.77297842,80.55146,0.7460875,10796.517
42.275797,-74.12384884,138.24873,1.1789469,11726.461
40.6361825,-73.94935552,158.81784,0.8990224,17665.615
43.14638895,-77.69322942,156.19191,1.1628748,13431.533
43.19898042,-78.74777412,157.33818,1.3898733,11320.325
41.40337468,-74.30240757,128.34006,0.42502624,30195.797
40.58582155,-74.14808598,158.81784,0.8990224,17665.615
42.58831742,-74.4433903,80.448204,0.8888056,9051.2705
42.2689144,-77.3829924,109.31077,1.8654491,5859.7563
42.44945765,-76.47229843,89.60446,0.59958273,14944.47
43.31153794,-73.43043448,129.39563,0.82049906,15770.356
42.63505484,-77.10369919,65.27903,1.0025015,6511.6143
34.97403241,-80.09953279,115.77105,1.3015034,8895.178
36.0688473,-76.96545943,87.24989,1.4116093,6180.8813
35.74989637,-81.70755735,134.71191,1.019127,13218.363
34.8932941,-76.54120135,136.66954,0.990384,13799.651
35.1349263,-84.05970864,129.79376,1.5174519,8553.402
34.26744084,-78.65801424,136.93047,1.158231,11822.379
35.66520691,-75.71767334,40.802593,0.7024672,5808.4697
36.03638492,-78.87608331,134.78528,0.69694704,19339.385
35.29373559,-81.17477045,126.19931,1.1493472,10980.087
35.48544173,-77.67578087,97.40148,1.0661937,9135.439
35.55269063,-82.98196486,99.36325,1.2452796,7979.1924
35.42017674,-76.15180542,37.23515,0.8613267,4322.9995
35.02254606,-77.35870791,85.68331,1.4826703,5778.9863
35.14867843,-83.41696617,116.10639,1.5231522,7622.77
35.24469268,-80.8317671,131.82935,1.3290571,9919.013
35.96575634,-77.98422508,109.60079,0.9375452,11690.1875
36.06092947,-79.12167935,150.32996,0.64869386,23174.252
36.17847453,-76.40603143,43.67585,0.873177,5001.947
35.71015088,-79.80570339,124.7963,1.0570381,11806.226
35.64003916,-80.52446628,124.133156,1.0293303,12059.6045
35.31647813,-80.25093221,121.15144,1.204546,10057.852
35.20383864,-82.79638423,97.96805,1.2522242,7823.523
36.36880673,-78.40670845,118.22702,0.8892348,13295.366
36.23103603,-81.70033724,85.294914,0.8274126,10308.632
36.16222629,-80.66239436,129.34222,0.87868714,14719.941
48.0683985,-99.35916363,27.163065,1.1064247,2455.0305
48.79094471,-102.5182117,4.979464,0.60657007,820.9215
46.11017712,-98.5049008,33.253914,1.9930665,1668.4797
46.28398398,-100.2389766,14.079336,2.069827,680.21796
46.35821257,-101.6390013,11.715165,2.0781014,563.74365
46.45681054,-98.53542355,22.93821,1.8508631,1239.325
47.7413337,-103.395905,29.483393,0.6680619,4413.2725
48.20197971,-102.3555315,34.57858,1.0362558,3336.8767
48.24977025,-99.96407787,33.16541,2.4186351,1371.2449
46.26440649,-96.94852979,24.976778,0.7833855,3188.3125
46.11323337,-101.0440149,17.249973,1.2307445,1401.5885
46.97962541,-98.95637318,62.805157,1.4905809,4213.4683
48.36876964,-97.72574783,32.589474,0.8672051,3757.989
15.0979,145.6739,41.835533,0.30875462,13549.768
41.70860332,-80.74830218,148.53539,1.6481891,9012.035
38.93416837,-83.86788395,166.73615,1.3604919,12255.578
39.91592258,-83.78498252,154.18575,1.4386431,10717.442
40.30096166,-81.91729018,157.94466,1.7311455,9123.707
41.32398837,-84.49076944,158.71396,1.4354725,11056.566
39.56021306,-83.4562016,138.43166,1.4328473,9661.299
41.49952319,-81.17935342,86.34038,1.6703473,5169.0073
41.00250487,-83.66838948,171.63136,1.7932734,9570.841
39.1839264,-83.60331456,167.53984,1.4908379,11237.965
39.01914254,-82.6181856,124.068924,1.3756397,9018.998
38.59743452,-82.53466552,123.96945,1.3825276,8966.87
41.62101218,-83.65468618,182.26048,2.05086,8887.027
41.11770589,-81.8998621,136.5107,1.9475,7009.535
39.72984936,-81.08464734,78.97475,1.6546408,4772.924
39.96575964,-81.94363275,161.5368,1.3291175,12153.688
39.73508655,-82.23804971,131.19785,1.4378633,9124.5
39.7420247,-84.64787018,126.09879,1.3287857,9489.777
41.35624126,-83.137872,130.81836,1.389691,9413.485
40.81482476,-81.36437305,147.57184,1.8256804,8083.1147
39.42581994,-84.16557457,149.93478,1.306556,11475.573
41.36224827,-83.62285108,150.31932,1.7270821,8703.657
34.37366573,-96.03802487,69.7812,1.5190163,4593.8413
33.96472458,-96.25903472,112.07621,1.442171,7771.354
35.90692775,-94.99980896,135.94899,1.2918298,10523.754
34.58840127,-96.29798747,51.851147,1.4572473,3558.1572
35.90230551,-96.37086028,158.60686,1.4294006,11096.04
36.2180194,-99.75324573,17.213293,1.492196,1153.5544
36.796297,-97.78638765,23.901371,1.352693,1766.9473
35.222576,-95.11513306,70.374725,1.3079629,5380.4834
34.31440473,-96.66011537,62.290916,1.5057007,4137.0054
34.87844729,-95.25215049,53.34844,1.5549511,3430.8757
33.95273467,-97.23906784,56.838478,1.4148008,4017.4192
35.01123903,-97.44572302,150.37292,1.4062521,10693.17
35.61318461,-95.37802952,121.16493,1.2734793,9514.4795
35.55140095,-97.40716948,153.84192,1.324226,11617.497
34.72959848,-96.68337199,137.0146,1.4799322,9258.168
36.37004357,-95.60406759,113.24423,1.6772975,6751.5894
36.74777635,-101.4889765,38.10094,1.1504768,3311.7522
35.96024096,-95.51911308,140.8027,1.5488412,9090.842
36.42316318,-99.26283045,73.5856,1.7257967,4263.863
45.99712889,-123.660711,74.87573,1.0456382,7160.7686
42.45911325,-124.157282,70.778305,1.4701593,4814.329
44.49024544,-119.0068631,31.407555,1.2980832,2419.5332
44.62806839,-121.17832,76.06612,1.1268531,6750.3135
43.93727035,-122.847753,95.5235,0.32950824,28989.715
44.90287942,-122.5815117,103.37372,0.9160366,11284.89
45.41501554,-120.6827834,19.056126,1.5746202,1210.2046
45.30915495,-118.0068979,83.26167,1.5439043,5392.9297
44.72698162,-120.0281427,30.357471,1.1186028,2713.874
40.81665618,-79.46290811,143.4149,1.7274872,8301.9375
40.47961444,-78.34917412,129.63303,2.269457,5712.0723
40.49527404,-78.71377428,129.68059,2.0072675,6460.5537
39.97291773,-75.74768357,127.48609,1.620574,7866.725
41.04821986,-76.40565017,80.29034,1.7449943,4601.18
39.91680171,-75.40243663,131.91695,1.012494,13028.912
41.51095103,-79.23229292,59.660233,1.5291287,3901.5835
40.42162652,-77.97673273,149.97786,1.9783182,7581.0786
41.43564672,-75.60379201,126.090065,0.94566554,13333.475
40.6154815,-75.59435245,156.56781,1.3753911,11383.512
41.30248872,-80.25816981,131.53136,1.5149962,8681.959
41.03023987,-76.66345939,93.04459,1.5927758,5841.663
40.00338507,-75.1379271,145.26604,1.0094836,14390.134
40.77129231,-77.06840691,156.59584,1.7884911,8755.751
41.77255149,-77.25433032,95.70543,1.653129,5789.35
41.81304978,-79.26969577,135.38164,1.6434569,8237.614
41.51955538,-76.01074915,106.41833,1.8761175,5672.2637
18.459681,-67.120815,0.67235,-0.0055941995,-12018.698
18.406631,-66.675077,0.67235,0.00086690544,77557.48
18.34946,-66.168435,0.67235,0.00086690544,77557.48
18.328802,-65.887612,0.8486497,0.00086690544,97894.15
18.251818,-65.666416,3.2099223,0.038786966,8275.775
18.224687,-66.221622,0.1402699,0.00086690544,16180.531
18.318373,-65.666866,23.474709,0.07003314,33519.43
18.039942,-66.79186,0.33542854,0.00086690544,38692.633
18.134532,-67.113972,0.1402699,0.00086690544,16180.531
18.050764,-66.494581,0.33542854,0.00086690544,38692.633
18.23679,-66.98362,0.1402699,0.00086690544,16180.531
18.420473,-66.490461,0.67235,0.00086690544,77557.48
18.377805,-67.080952,0.67235,0.00086690544,77557.48
18.215046,-66.433604,0.1402699,0.00086690544,16180.531
18.059498,-66.613748,0.1402699,0.00086690544,16180.531
18.08282,-66.943758,0.1402699,0.00086690544,16180.531
18.147987,-65.976392,0.1402699,0.00086690544,16180.531
18.431446,-66.213553,0.67235,0.00086690544,77557.48
18.409346,-66.33725,0.67235,0.00086690544,77557.48
18.070399,-65.896289,0.1402699,0.00086690544,16180.531
41.67106337,-71.57641596,181.05252,1.0329379,17527.92
41.45961631,-71.61435303,104.13729,0.5396828,19296.018
34.51828081,-82.63959517,113.38549,2.04665,5540.053
33.20222596,-79.94654523,135.4517,1.6210358,8355.873
34.69249168,-81.1583216,154.0437,1.3428485,11471.413
34.33358335,-79.96027485,144.54562,1.4438778,10010.932
34.39287073,-81.1195624,117.78453,1.4237304,8272.952
34.15272415,-82.12715789,93.69287,1.7407608,5382.2944
34.33988254,-80.58763164,143.98236,1.4496353,9932.316
33.89665987,-81.27146426,83.679924,1.396884,5990.4707
34.28629098,-81.59935761,114.92854,1.4561583,7892.586
34.01791263,-80.90267209,94.820045,1.6946416,5595.286
43.71757685,-98.56050467,20.586597,1.9360932,1063.3062
44.36974375,-96.79079945,51.43498,0.9254072,5558.0913
44.90608745,-103.5079318,38.65587,1.4309785,2701.3591
42.91296147,-96.97656917,30.577782,1.005079,3042.3262
43.67490933,-98.14458906,52.285267,1.3951092,3747.7544
43.38520741,-98.36978007,17.59924,1.8909533,930.7073
45.1723937,-96.77002276,46.228886,1.9358505,2388.04
44.54708407,-99.00386459,23.50554,2.2223775,1057.6754
43.33449012,-97.75536441,42.98908,1.7988511,2389.8076
43.96278565,-100.6940008,12.372571,1.133235,1091.7922
43.27841182,-96.7203905,88.90272,1.097463,8100.7485
45.76626028,-99.22118798,16.251038,2.7309217,595.0752
43.67441641,-96.7910885,54.879078,1.0607767,5173.481
45.49049506,-102.4755586,21.596968,2.2294378,968.71814
44.93837606,-98.34626602,45.419006,1.9846883,2288.4705
43.34459388,-99.8854891,28.41233,1.6214048,1752.328
45.43019636,-100.0307514,21.829813,1.8827376,1159.4718
35.51123746,-86.45549096,94.43901,1.4149402,6674.417
35.15739424,-84.857186,125.395325,1.5244198,8225.773
36.28969086,-82.12588974,110.326996,1.3774146,8009.7163
36.55151008,-85.53930419,68.02582,1.8232063,3731.1094
35.95271721,-84.99840585,95.10466,1.3807309,6887.994
36.14669837,-87.35891709,99.26151,1.5382595,6452.8457
35.15634626,-86.09201039,139.755,1.5221637,9181.338
36.17470125,-82.84691273,100.92246,1.310572,7700.642
36.52692871,-83.22375847,69.6033,1.5482686,4495.5576
35.58332824,-89.28536625,102.70936,1.3981459,7346.112
36.28872054,-87.71878828,93.79862,1.726791,5431.9614
36.4552395,-81.84886538,96.481544,1.4316235,6739.31
35.21675201,-87.39787695,137.84972,1.5010167,9183.757
36.53157855,-86.00778595,126.60032,1.6699919,7580.895
35.6187413,-87.07462444,118.582504,1.3211532,8975.682
35.44550387,-84.24902965,111.4064,1.242052,8969.545
36.35732446,-89.14921589,67.965,1.8461294,3681.4858
36.55606529,-85.077633,60.423397,1.7389045,3474.7969
35.84923189,-84.52458689,116.74868,1.3121171,8897.733
35.36979721,-85.41022136,78.71521,1.4049983,5602.513
36.50235092,-87.83920548,66.518524,1.7883635,3719.5193
36.39026213,-86.16087954,76.78634,1.4053197,5463.9766
35.69864497,-85.45221699,83.752525,1.5570915,5378.7803
36.29896232,-88.71990865,157.372,1.6080693,9786.395
31.81534745,-95.65354823,105.08888,1.883666,5578.955
33.61569967,-98.68754589,43.810257,1.9102812,2293.393
34.06854817,-102.8299707,56.992725,2.2924132,2486.1453
28.41761668,-97.74215593,137.91673,1.5512894,8890.458
32.74363984,-101.4316509,48.542725,2.0212302,2401.6426
30.6636448,-96.30205577,109.34594,1.305124,8378.203
31.77430356,-98.99907113,72.80333,2.57271,2829.8303
28.47048236,-96.61633945,68.125595,1.2675762,5374.477
35.40365929,-101.3542669,54.338734,1.9364892,2806.0437
31.837258,-95.16559897,91.48647,1.8483557,4949.6143
31.88911733,-100.5297533,21.228146,1.9920235,1065.6573
29.622098,-96.5273805,78.13455,1.4170016,5514.0767
33.63979567,-97.21240912,119.95417,1.7008232,7052.7124
30.72367027,-101.4134238,25.391748,1.5295186,1660.1138
32.76670599,-96.7779605,102.33338,1.7780555,5755.3535
33.38570922,-95.66921122,50.42571,1.8145787,2778.9211
34.96517499,-100.8140093,25.466406,2.0513263,1241.4606
29.98202582,-100.304252,11.898788,1.9536842,609.0436
31.25350609,-96.93630086,81.695595,1.6196547,5044.013
34.07227468,-101.3031546,45.03021,2.2117105,2035.9902
31.70422788,-96.15072516,98.03914,1.9226189,5099.25
33.17969345,-101.2984114,29.367167,2.0113509,1460.0718
29.45634206,-97.49424032,108.6227,1.8454332,5886.0273
30.54579585,-95.98902499,114.647606,1.3055778,8781.37
31.70470573,-98.11083887,50.429737,1.7505152,2880.851
29.85864939,-95.39339521,93.97234,1.0746875,8744.155
30.05669873,-98.02944344,132.75362,1.2902108,10289.297
31.99045053,-97.13423143,72.54516,1.6692172,4346.0586
31.31925973,-95.42226208,99.6097,2.31903,4295.3174
35.84006574,-101.3546643,103.84239,1.5837868,6556.589
30.74685667,-94.02667579,162.3756,2.5088973,6471.99
27.73103938,-98.0904705,78.254295,1.6446538,4758.101
32.5991417,-96.28734728,131.51192,1.8446395,7129.41
30.06040006,-99.34930144,166.44456,1.8642367,8928.295
27.42435506,-97.69894948,137.91673,1.6596705,8309.887
34.06859623,-102.3516289,92.437294,2.3263223,3973.5376
31.29872538,-95.9936328,101.99386,2.1564987,4729.6045
28.35101362,-98.1246786,57.28114,1.6809316,3407.702
33.17657705,-101.8162849,53.725662,2.4552288,2188.214
30.71780434,-99.22629416,33.747097,1.6129771,2092.224
31.55255453,-97.20217694,100.959274,1.8195163,5548.6875
31.86904128,-102.0315682,6.3360715,1.6181399,391.56516
33.67521893,-97.72500958,120.771614,1.933931,6244.877
34.07408766,-100.779722,20.105618,3.1964474,628.99884
32.30365282,-100.4060208,93.08833,2.7754703,3353.9663
30.11879481,-93.89412775,101.778404,2.9340825,3468.8323
34.52993409,-102.7844668,48.418617,1.9683121,2459.9055
29.99954402,-104.2408079,39.80435,3.3504684,1188.0236
29.83321503,-99.82018052,34.956234,2.187789,1597.7881
35.83809685,-100.813175,28.079668,1.293105,2171.4917
32.10773545,-94.76176432,114.02004,1.8478122,6170.543
28.00880118,-97.51763891,75.36889,1.8127246,4157.7686
32.73587756,-99.35401337,47.343536,2.0217476,2341.7134
32.22236802,-97.77403489,55.589996,1.7231388,3226.0894
33.17906744,-100.2538401,8.902209,1.7978268,495.165
32.30163422,-99.89007449,96.09207,2.30581,4167.389
33.21339719,-94.96797273,132.27974,1.8014429,7342.9883
30.77031716,-94.37690895,94.44585,1.9909707,4743.7085
29.35739637,-99.76229172,113.35227,1.369001,8279.926
30.73872995,-95.57440968,113.180595,1.5822455,7153.1626
27.7610369,-99.33237355,75.23266,1.5433757,4874.5522
34.07945812,-99.24178437,71.59673,2.3736486,3016.3157
31.85008651,-103.0485163,29.626228,1.5411549,1922.3395
33.17659707,-98.68790885,83.99298,2.2526352,3728.6545
39.37231946,-111.5758676,150.95226,0.78379077,19259.254
38.99617072,-110.7013958,97.86251,0.7123435,13738.107
40.12491499,-109.5174415,102.39474,0.9173294,11162.266
41.27116049,-111.9145117,58.10444,1.1534209,5037.5747
44.46322849,-73.08359212,155.87239,0.5771375,27007.844
44.60353043,-72.64356694,24.727768,0.58321327,4239.9185
18.3358,-64.8963,23.474709,0.07003314,33519.43
37.78636074,-80.00222498,91.21249,1.8256778,4996.089
38.8767675,-77.10139853,61.635715,0.8243834,7476.584
37.13128068,-81.13599391,52.350315,1.2606179,4152.7505
37.26818323,-82.03749726,122.354,1.5314257,7989.5483
38.02679129,-77.34901405,94.08207,1.0332495,9105.455
38.03527919,-78.48569588,118.01756,1.0252099,11511.551
37.26420587,-77.39609676,108.11106,1.5704741,6883.9756
37.51328851,-78.24398086,36.942745,1.3800615,2676.891
36.69455571,-77.53406129,79.761086,2.721354,2930.9338
38.88485255,-77.17560759,61.635715,0.8243834,7476.584
36.99536167,-79.88023649,88.9475,1.5470036,5749.6636
36.66601852,-80.91703124,89.68625,2.2584376,3971.1633
36.65677234,-81.23215889,85.742325,1.815021,4724.04
37.03513786,-76.35879121,44.85439,1.125244,3986.1921
36.68542395,-79.87634026,104.23315,2.3890097,4363.0273
37.31156958,-76.76950618,110.23486,0.9913478,11119.696
37.71889653,-76.46400482,39.310596,1.6088383,2443.415
37.97850256,-77.96274807,95.17413,1.0397495,9153.563
38.7464321,-77.48509905,90.553505,0.82319033,11000.312
36.67882005,-78.36131056,121.02407,1.8072724,6696.504
37.50694406,-76.99828634,36.98911,1.0582366,3495.3535
37.89202088,-76.41949732,49.800858,1.5762353,3159.4812
38.61807452,-78.48797204,121.02918,1.3753648,8799.788
37.14259351,-76.35798148,44.85439,1.1302912,3968.392
37.18497668,-77.22922187,83.75788,1.1607505,7215.8384
38.68295619,-78.15826963,49.406475,1.0928485,4520.8896
37.27791025,-79.96189766,100.59723,1.5304226,6573.167
37.2836193,-80.06219455,107.115204,1.5382268,6963.551
36.72231125,-77.10642712,76.09068,2.4141643,3151.8435
36.70155394,-76.63603554,42.830505,2.0818973,2057.2822
38.06451466,-78.90293905,91.686615,1.119697,8188.52
36.9746148,-82.62410519,56.54604,1.4850179,3807.7683
46.18894415,-117.2022851,82.08844,1.5606495,5259.889
45.77568046,-122.4829204,28.409283,1.0380486,2736.7969
48.4711431,-118.5154041,41.548622,1.6067314,2585.9094
47.14003705,-123.7820567,171.80003,1.2491996,13752.809
47.63479026,-122.6436061,69.21145,0.7489368,9241.294
47.57705241,-118.4194388,36.37529,1.1248037,3233.9236
48.53234021,-117.2741804,102.724594,1.6276362,6311.275
46.02408726,-121.9164403,38.609837,0.99249876,3890.1648
46.9291895,-122.8290656,131.75252,1.0265228,12834.837
48.82227976,-121.7490018,21.046734,0.51479363,4088.3828
39.46704621,-78.02414609,125.41104,1.3519671,9276.19
38.42424062,-82.23855912,118.52821,1.3529732,8760.573
38.02974928,-81.08286634,60.12219,1.0871165,5530.4277
39.32103553,-78.60826476,84.76335,1.1597751,7308.602
38.84263974,-81.68148753,130.53113,1.4812254,8812.375
38.172154,-82.07017953,111.159546,1.3054868,8514.797
38.77071799,-82.02524219,114.60444,1.2831048,8931.807
37.73048351,-82.13338365,115.13973,1.4042101,8199.608
38.29617706,-80.79759588,95.917465,1.2009103,7987.0635
38.32758728,-80.00993811,50.474716,1.3060479,3864.691
38.769899,-79.87919615,83.2149,1.0555319,7883.6934
39.33602617,-80.0421439,92.89305,1.3529822,6865.8003
38.89285061,-80.23689136,91.12003,1.213782,7507.1177
39.02775007,-81.37473928,42.707764,1.4086231,3031.8801
46.31956891,-90.67837132,49.87296,1.0697142,4662.2695
44.37835084,-91.75332578,32.596405,0.514372,6337.127
44.73483377,-90.61207486,117.199585,1.2036883,9736.706
43.41576662,-88.70928178,165.65848,0.8088194,20481.518
44.726614,-91.28609183,89.48693,0.92991364,9623.144
42.8671731,-90.7063218,135.84691,0.9986524,13603.022
46.26302338,-90.24295041,50.502754,2.4617064,2051.5344
42.57639354,-88.04051686,145.46115,0.9411068,15456.392
45.26271619,-89.07483625,94.35941,1.5463474,6102.0835
45.38553432,-88.033246,145.23128,1.0665506,13616.914
43.94641218,-90.618819,101.74649,0.9035641,11260.572
43.38352225,-87.94625009,172.85458,0.886227,19504.549
44.47558711,-89.50152965,153.91035,0.92346257,16666.658
42.67151616,-89.071479,117.72126,0.85401165,13784.503
44.78902246,-88.76443896,131.3837,1.042181,12606.61
44.30360275,-91.35893614,61.536266,0.7409969,8304.524
42.66858202,-88.54163073,145.62268,0.78089917,18648.078
44.47068056,-88.96534501,103.11821,0.9552631,10794.745
41.65498705,-105.7235415,49.678326,0.51741236,9601.303
42.97272268,-105.5081848,53.64842,1.3516207,3969.1921
43.71930657,-108.4423174,35.726284,1.5413717,2317.824
42.96180148,-106.797885,42.478806,0.98556036,4310.117
44.79048913,-106.8862389,64.901306,1.0373245,6256.6055
41.2878183,-110.5475782,51.77581,0.68446547,7564.415
1.373333,32.290275,47.598022,0.24704711,19266.78
45.2835,34.2008,81.177376,0.37529236,21630.438
49.9935,36.2304,38.032654,0.30107337,12632.354
50.053,30.7667,38.032654,0.30107337,12632.354
46.975,31.9946,61.60589,0.28741637,21434.371
44.6054,33.522,80.112015,0.35896662,22317.4
49.2331,28.4682,38.032654,0.30107337,12632.354
50.2547,28.6587,38.032654,0.30107337,12632.354
18.4207,-64.64,50.72178,0.7360355,6891.2134
-51.7963,-59.5236,-0.836227,0.022943025,-3644.7983
49.2138,-2.1358,105.03891,0.15115748,69489.72
-7.9467,-14.3559,8.027376,0.13832718,5803.1807
52.1307,-3.7837,57.767384,0.14070038,41057.02
6.4238,-66.5897,65.94518,0.5877513,11219.912
15.552727,48.516388,174.7627,1.3537846,12909.195
